,municipio,qtd_notifi_dengue,data
69,ABELARDO LUZ,3,2021-03-01
108,ABELARDO LUZ,1,2021-04-01
168,ABELARDO LUZ,1,2021-05-01
365,ABELARDO LUZ,21,2022-02-01
420,ABELARDO LUZ,451,2022-03-01
550,ABELARDO LUZ,282,2022-04-01
720,ABELARDO LUZ,39,2022-05-01
887,ABELARDO LUZ,2,2022-06-01
1291,ABELARDO LUZ,2,2023-03-01
1381,ABELARDO LUZ,4,2023-04-01
1530,ABELARDO LUZ,1,2023-05-01
1673,ABELARDO LUZ,1,2023-06-01
2024,ABELARDO LUZ,2,2024-01-01
2128,ABELARDO LUZ,2,2024-02-01
2294,ABELARDO LUZ,6,2024-03-01
2510,ABELARDO LUZ,24,2024-04-01
2755,ABELARDO LUZ,35,2024-05-01
2998,ABELARDO LUZ,12,2024-06-01
3184,ABELARDO LUZ,5,2024-07-01
3462,ABELARDO LUZ,1,2024-11-01
3506,ABELARDO LUZ,1,2024-12-01
3726,ABELARDO LUZ,5,2025-03-01
3829,ABELARDO LUZ,1,2025-04-01
3978,ABELARDO LUZ,4,2025-05-01
4313,ABELARDO LUZ,1,2025-09-01
4383,ABELARDO LUZ,1,2025-11-01
4419,ABELARDO LUZ,1,2025-12-01
22,ARAQUARI,2,2021-01-01
37,ARAQUARI,2,2021-02-01
70,ARAQUARI,5,2021-03-01
110,ARAQUARI,20,2021-04-01
170,ARAQUARI,27,2021-05-01
225,ARAQUARI,18,2021-06-01
256,ARAQUARI,6,2021-07-01
296,ARAQUARI,1,2021-10-01
315,ARAQUARI,2,2021-12-01
336,ARAQUARI,1,2022-01-01
426,ARAQUARI,1,2022-03-01
560,ARAQUARI,14,2022-04-01
728,ARAQUARI,51,2022-05-01
892,ARAQUARI,29,2022-06-01
1001,ARAQUARI,6,2022-07-01
1061,ARAQUARI,5,2022-08-01
1103,ARAQUARI,1,2022-09-01
1124,ARAQUARI,2,2022-10-01
1139,ARAQUARI,3,2022-11-01
1156,ARAQUARI,9,2022-12-01
1195,ARAQUARI,6,2023-01-01
1232,ARAQUARI,16,2023-02-01
1297,ARAQUARI,85,2023-03-01
1389,ARAQUARI,294,2023-04-01
1538,ARAQUARI,570,2023-05-01
1680,ARAQUARI,302,2023-06-01
1785,ARAQUARI,129,2023-07-01
1843,ARAQUARI,56,2023-08-01
1883,ARAQUARI,19,2023-09-01
1919,ARAQUARI,21,2023-10-01
1951,ARAQUARI,15,2023-11-01
1977,ARAQUARI,78,2023-12-01
2031,ARAQUARI,263,2024-01-01
2138,ARAQUARI,912,2024-02-01
2305,ARAQUARI,1608,2024-03-01
2525,ARAQUARI,1584,2024-04-01
2769,ARAQUARI,1109,2024-05-01
3007,ARAQUARI,413,2024-06-01
3189,ARAQUARI,145,2024-07-01
3324,ARAQUARI,29,2024-08-01
3380,ARAQUARI,3,2024-09-01
3425,ARAQUARI,2,2024-10-01
3466,ARAQUARI,6,2024-11-01
3509,ARAQUARI,4,2024-12-01
3573,ARAQUARI,5,2025-01-01
3645,ARAQUARI,12,2025-02-01
3728,ARAQUARI,23,2025-03-01
3835,ARAQUARI,54,2025-04-01
3986,ARAQUARI,58,2025-05-01
4127,ARAQUARI,46,2025-06-01
4229,ARAQUARI,11,2025-07-01
4279,ARAQUARI,1,2025-08-01
4316,ARAQUARI,2,2025-09-01
4384,ARAQUARI,1,2025-11-01
4421,ARAQUARI,2,2025-12-01
38,BALNEARIO BARRA DO SUL,1,2021-02-01
71,BALNEARIO BARRA DO SUL,2,2021-03-01
111,BALNEARIO BARRA DO SUL,7,2021-04-01
171,BALNEARIO BARRA DO SUL,13,2021-05-01
226,BALNEARIO BARRA DO SUL,5,2021-06-01
257,BALNEARIO BARRA DO SUL,1,2021-07-01
564,BALNEARIO BARRA DO SUL,12,2022-04-01
732,BALNEARIO BARRA DO SUL,24,2022-05-01
895,BALNEARIO BARRA DO SUL,4,2022-06-01
1002,BALNEARIO BARRA DO SUL,5,2022-07-01
1062,BALNEARIO BARRA DO SUL,1,2022-08-01
1196,BALNEARIO BARRA DO SUL,1,2023-01-01
1234,BALNEARIO BARRA DO SUL,1,2023-02-01
1301,BALNEARIO BARRA DO SUL,17,2023-03-01
1392,BALNEARIO BARRA DO SUL,106,2023-04-01
1541,BALNEARIO BARRA DO SUL,221,2023-05-01
1682,BALNEARIO BARRA DO SUL,130,2023-06-01
1786,BALNEARIO BARRA DO SUL,38,2023-07-01
1845,BALNEARIO BARRA DO SUL,8,2023-08-01
1884,BALNEARIO BARRA DO SUL,1,2023-09-01
1921,BALNEARIO BARRA DO SUL,1,2023-10-01
2033,BALNEARIO BARRA DO SUL,12,2024-01-01
2144,BALNEARIO BARRA DO SUL,71,2024-02-01
2313,BALNEARIO BARRA DO SUL,554,2024-03-01
2533,BALNEARIO BARRA DO SUL,1015,2024-04-01
2777,BALNEARIO BARRA DO SUL,685,2024-05-01
3012,BALNEARIO BARRA DO SUL,170,2024-06-01
3193,BALNEARIO BARRA DO SUL,24,2024-07-01
3325,BALNEARIO BARRA DO SUL,2,2024-08-01
3381,BALNEARIO BARRA DO SUL,2,2024-09-01
3426,BALNEARIO BARRA DO SUL,1,2024-10-01
3467,BALNEARIO BARRA DO SUL,2,2024-11-01
3510,BALNEARIO BARRA DO SUL,6,2024-12-01
3574,BALNEARIO BARRA DO SUL,2,2025-01-01
3647,BALNEARIO BARRA DO SUL,3,2025-02-01
3730,BALNEARIO BARRA DO SUL,1,2025-03-01
3837,BALNEARIO BARRA DO SUL,7,2025-04-01
3992,BALNEARIO BARRA DO SUL,6,2025-05-01
4132,BALNEARIO BARRA DO SUL,12,2025-06-01
4230,BALNEARIO BARRA DO SUL,2,2025-07-01
4280,BALNEARIO BARRA DO SUL,1,2025-08-01
4318,BALNEARIO BARRA DO SUL,1,2025-09-01
4348,BALNEARIO BARRA DO SUL,1,2025-10-01
4422,BALNEARIO BARRA DO SUL,2,2025-12-01
4,BALNEARIO CAMBORIU,1,2020-04-01
14,BALNEARIO CAMBORIU,1,2020-12-01
39,BALNEARIO CAMBORIU,2,2021-02-01
72,BALNEARIO CAMBORIU,2,2021-03-01
112,BALNEARIO CAMBORIU,39,2021-04-01
172,BALNEARIO CAMBORIU,60,2021-05-01
227,BALNEARIO CAMBORIU,12,2021-06-01
258,BALNEARIO CAMBORIU,4,2021-07-01
284,BALNEARIO CAMBORIU,2,2021-09-01
297,BALNEARIO CAMBORIU,1,2021-10-01
316,BALNEARIO CAMBORIU,1,2021-12-01
337,BALNEARIO CAMBORIU,3,2022-01-01
369,BALNEARIO CAMBORIU,3,2022-02-01
430,BALNEARIO CAMBORIU,20,2022-03-01
565,BALNEARIO CAMBORIU,89,2022-04-01
733,BALNEARIO CAMBORIU,119,2022-05-01
896,BALNEARIO CAMBORIU,25,2022-06-01
1003,BALNEARIO CAMBORIU,9,2022-07-01
1063,BALNEARIO CAMBORIU,2,2022-08-01
1104,BALNEARIO CAMBORIU,1,2022-09-01
1140,BALNEARIO CAMBORIU,1,2022-11-01
1157,BALNEARIO CAMBORIU,4,2022-12-01
1197,BALNEARIO CAMBORIU,3,2023-01-01
1235,BALNEARIO CAMBORIU,14,2023-02-01
1302,BALNEARIO CAMBORIU,192,2023-03-01
1393,BALNEARIO CAMBORIU,1396,2023-04-01
1542,BALNEARIO CAMBORIU,1938,2023-05-01
1683,BALNEARIO CAMBORIU,760,2023-06-01
1787,BALNEARIO CAMBORIU,137,2023-07-01
1846,BALNEARIO CAMBORIU,12,2023-08-01
1885,BALNEARIO CAMBORIU,4,2023-09-01
1952,BALNEARIO CAMBORIU,2,2023-11-01
1978,BALNEARIO CAMBORIU,9,2023-12-01
2034,BALNEARIO CAMBORIU,24,2024-01-01
2145,BALNEARIO CAMBORIU,193,2024-02-01
2314,BALNEARIO CAMBORIU,1236,2024-03-01
2534,BALNEARIO CAMBORIU,2694,2024-04-01
2778,BALNEARIO CAMBORIU,2258,2024-05-01
3013,BALNEARIO CAMBORIU,574,2024-06-01
3194,BALNEARIO CAMBORIU,133,2024-07-01
3326,BALNEARIO CAMBORIU,4,2024-08-01
3382,BALNEARIO CAMBORIU,1,2024-09-01
3427,BALNEARIO CAMBORIU,2,2024-10-01
3468,BALNEARIO CAMBORIU,4,2024-11-01
3511,BALNEARIO CAMBORIU,1,2024-12-01
3575,BALNEARIO CAMBORIU,6,2025-01-01
3648,BALNEARIO CAMBORIU,12,2025-02-01
3731,BALNEARIO CAMBORIU,53,2025-03-01
3838,BALNEARIO CAMBORIU,166,2025-04-01
3993,BALNEARIO CAMBORIU,279,2025-05-01
4133,BALNEARIO CAMBORIU,162,2025-06-01
4231,BALNEARIO CAMBORIU,28,2025-07-01
4281,BALNEARIO CAMBORIU,4,2025-08-01
4319,BALNEARIO CAMBORIU,3,2025-09-01
4386,BALNEARIO CAMBORIU,1,2025-11-01
4423,BALNEARIO CAMBORIU,1,2025-12-01
4477,BALNEARIO CAMBORIU,2,2026-01-01
115,BARRA VELHA,1,2021-04-01
174,BARRA VELHA,5,2021-05-01
229,BARRA VELHA,1,2021-06-01
371,BARRA VELHA,1,2022-02-01
433,BARRA VELHA,1,2022-03-01
569,BARRA VELHA,5,2022-04-01
736,BARRA VELHA,29,2022-05-01
899,BARRA VELHA,13,2022-06-01
1005,BARRA VELHA,4,2022-07-01
1105,BARRA VELHA,1,2022-09-01
1125,BARRA VELHA,1,2022-10-01
1141,BARRA VELHA,1,2022-11-01
1158,BARRA VELHA,9,2022-12-01
1198,BARRA VELHA,2,2023-01-01
1238,BARRA VELHA,1,2023-02-01
1305,BARRA VELHA,44,2023-03-01
1396,BARRA VELHA,269,2023-04-01
1545,BARRA VELHA,485,2023-05-01
1685,BARRA VELHA,306,2023-06-01
1789,BARRA VELHA,94,2023-07-01
1848,BARRA VELHA,17,2023-08-01
1886,BARRA VELHA,8,2023-09-01
1922,BARRA VELHA,1,2023-10-01
1954,BARRA VELHA,5,2023-11-01
1980,BARRA VELHA,12,2023-12-01
2036,BARRA VELHA,12,2024-01-01
2147,BARRA VELHA,94,2024-02-01
2319,BARRA VELHA,292,2024-03-01
2539,BARRA VELHA,904,2024-04-01
2784,BARRA VELHA,1044,2024-05-01
3019,BARRA VELHA,248,2024-06-01
3198,BARRA VELHA,102,2024-07-01
3328,BARRA VELHA,11,2024-08-01
3430,BARRA VELHA,4,2024-10-01
3470,BARRA VELHA,4,2024-11-01
3513,BARRA VELHA,7,2024-12-01
3577,BARRA VELHA,4,2025-01-01
3650,BARRA VELHA,7,2025-02-01
3734,BARRA VELHA,24,2025-03-01
3842,BARRA VELHA,86,2025-04-01
3998,BARRA VELHA,75,2025-05-01
4138,BARRA VELHA,26,2025-06-01
4234,BARRA VELHA,5,2025-07-01
4387,BARRA VELHA,1,2025-11-01
4424,BARRA VELHA,2,2025-12-01
4478,BARRA VELHA,1,2026-01-01
40,BIGUACU,1,2021-02-01
116,BIGUACU,1,2021-04-01
176,BIGUACU,1,2021-05-01
435,BIGUACU,4,2022-03-01
572,BIGUACU,15,2022-04-01
739,BIGUACU,33,2022-05-01
901,BIGUACU,9,2022-06-01
1006,BIGUACU,3,2022-07-01
1159,BIGUACU,2,2022-12-01
1240,BIGUACU,10,2023-02-01
1306,BIGUACU,162,2023-03-01
1399,BIGUACU,567,2023-04-01
1546,BIGUACU,829,2023-05-01
1686,BIGUACU,342,2023-06-01
1790,BIGUACU,52,2023-07-01
1849,BIGUACU,5,2023-08-01
1887,BIGUACU,6,2023-09-01
1923,BIGUACU,3,2023-10-01
1955,BIGUACU,2,2023-11-01
1981,BIGUACU,5,2023-12-01
2037,BIGUACU,13,2024-01-01
2149,BIGUACU,37,2024-02-01
2322,BIGUACU,78,2024-03-01
2542,BIGUACU,183,2024-04-01
2788,BIGUACU,185,2024-05-01
3021,BIGUACU,64,2024-06-01
3200,BIGUACU,16,2024-07-01
3329,BIGUACU,4,2024-08-01
3385,BIGUACU,2,2024-09-01
3471,BIGUACU,3,2024-11-01
3514,BIGUACU,2,2024-12-01
3578,BIGUACU,3,2025-01-01
3651,BIGUACU,5,2025-02-01
3735,BIGUACU,20,2025-03-01
3845,BIGUACU,40,2025-04-01
3999,BIGUACU,43,2025-05-01
4140,BIGUACU,54,2025-06-01
4235,BIGUACU,19,2025-07-01
4283,BIGUACU,3,2025-08-01
4320,BIGUACU,2,2025-09-01
4349,BIGUACU,3,2025-10-01
4388,BIGUACU,1,2025-11-01
4425,BIGUACU,5,2025-12-01
1,BLUMENAU,1,2020-03-01
5,BLUMENAU,2,2020-04-01
8,BLUMENAU,2,2020-05-01
12,BLUMENAU,1,2020-06-01
23,BLUMENAU,1,2021-01-01
41,BLUMENAU,2,2021-02-01
74,BLUMENAU,4,2021-03-01
117,BLUMENAU,9,2021-04-01
177,BLUMENAU,15,2021-05-01
230,BLUMENAU,2,2021-06-01
276,BLUMENAU,3,2021-08-01
285,BLUMENAU,1,2021-09-01
309,BLUMENAU,3,2021-11-01
317,BLUMENAU,2,2021-12-01
339,BLUMENAU,8,2022-01-01
373,BLUMENAU,32,2022-02-01
436,BLUMENAU,721,2022-03-01
573,BLUMENAU,3316,2022-04-01
740,BLUMENAU,4130,2022-05-01
902,BLUMENAU,1413,2022-06-01
1007,BLUMENAU,464,2022-07-01
1064,BLUMENAU,137,2022-08-01
1106,BLUMENAU,105,2022-09-01
1126,BLUMENAU,87,2022-10-01
1142,BLUMENAU,18,2022-11-01
1160,BLUMENAU,5,2022-12-01
1200,BLUMENAU,10,2023-01-01
1241,BLUMENAU,29,2023-02-01
1307,BLUMENAU,119,2023-03-01
1400,BLUMENAU,619,2023-04-01
1547,BLUMENAU,831,2023-05-01
1687,BLUMENAU,401,2023-06-01
1791,BLUMENAU,162,2023-07-01
1850,BLUMENAU,73,2023-08-01
1888,BLUMENAU,29,2023-09-01
1924,BLUMENAU,50,2023-10-01
1956,BLUMENAU,23,2023-11-01
1982,BLUMENAU,51,2023-12-01
2038,BLUMENAU,494,2024-01-01
2150,BLUMENAU,3657,2024-02-01
2323,BLUMENAU,14059,2024-03-01
2543,BLUMENAU,23712,2024-04-01
2789,BLUMENAU,13613,2024-05-01
3022,BLUMENAU,2672,2024-06-01
3201,BLUMENAU,849,2024-07-01
3330,BLUMENAU,126,2024-08-01
3386,BLUMENAU,16,2024-09-01
3432,BLUMENAU,10,2024-10-01
3472,BLUMENAU,9,2024-11-01
3515,BLUMENAU,12,2024-12-01
3579,BLUMENAU,12,2025-01-01
3652,BLUMENAU,5,2025-02-01
3736,BLUMENAU,54,2025-03-01
3846,BLUMENAU,95,2025-04-01
4000,BLUMENAU,143,2025-05-01
4141,BLUMENAU,77,2025-06-01
4236,BLUMENAU,9,2025-07-01
4284,BLUMENAU,4,2025-08-01
4321,BLUMENAU,1,2025-09-01
4350,BLUMENAU,5,2025-10-01
4389,BLUMENAU,1,2025-11-01
4426,BLUMENAU,3,2025-12-01
15,BOMBINHAS,1,2020-12-01
42,BOMBINHAS,2,2021-02-01
118,BOMBINHAS,7,2021-04-01
178,BOMBINHAS,10,2021-05-01
298,BOMBINHAS,1,2021-10-01
374,BOMBINHAS,2,2022-02-01
437,BOMBINHAS,21,2022-03-01
574,BOMBINHAS,131,2022-04-01
741,BOMBINHAS,252,2022-05-01
903,BOMBINHAS,74,2022-06-01
1008,BOMBINHAS,18,2022-07-01
1065,BOMBINHAS,1,2022-08-01
1107,BOMBINHAS,1,2022-09-01
1161,BOMBINHAS,1,2022-12-01
1242,BOMBINHAS,6,2023-02-01
1308,BOMBINHAS,36,2023-03-01
1401,BOMBINHAS,146,2023-04-01
1548,BOMBINHAS,188,2023-05-01
1688,BOMBINHAS,95,2023-06-01
1792,BOMBINHAS,29,2023-07-01
1851,BOMBINHAS,2,2023-08-01
1889,BOMBINHAS,1,2023-09-01
2039,BOMBINHAS,10,2024-01-01
2151,BOMBINHAS,132,2024-02-01
2324,BOMBINHAS,478,2024-03-01
2544,BOMBINHAS,263,2024-04-01
2790,BOMBINHAS,90,2024-05-01
3023,BOMBINHAS,17,2024-06-01
3202,BOMBINHAS,7,2024-07-01
3331,BOMBINHAS,2,2024-08-01
3387,BOMBINHAS,1,2024-09-01
3473,BOMBINHAS,1,2024-11-01
3653,BOMBINHAS,2,2025-02-01
3737,BOMBINHAS,16,2025-03-01
3847,BOMBINHAS,36,2025-04-01
4001,BOMBINHAS,41,2025-05-01
4142,BOMBINHAS,26,2025-06-01
4237,BOMBINHAS,12,2025-07-01
4285,BOMBINHAS,6,2025-08-01
4322,BOMBINHAS,3,2025-09-01
4351,BOMBINHAS,5,2025-10-01
4390,BOMBINHAS,13,2025-11-01
4427,BOMBINHAS,27,2025-12-01
4479,BOMBINHAS,10,2026-01-01
4503,BOMBINHAS,1,2026-02-01
319,CACADOR,1,2021-12-01
341,CACADOR,1,2022-01-01
579,CACADOR,3,2022-04-01
747,CACADOR,1,2022-05-01
1407,CACADOR,7,2023-04-01
1553,CACADOR,3,2023-05-01
1794,CACADOR,1,2023-07-01
2043,CACADOR,1,2024-01-01
2156,CACADOR,1,2024-02-01
2331,CACADOR,11,2024-03-01
2552,CACADOR,27,2024-04-01
2798,CACADOR,21,2024-05-01
3028,CACADOR,3,2024-06-01
3207,CACADOR,1,2024-07-01
3333,CACADOR,1,2024-08-01
3518,CACADOR,2,2024-12-01
3582,CACADOR,1,2025-01-01
3655,CACADOR,9,2025-02-01
3739,CACADOR,62,2025-03-01
3851,CACADOR,67,2025-04-01
4005,CACADOR,27,2025-05-01
4145,CACADOR,22,2025-06-01
4240,CACADOR,3,2025-07-01
4392,CACADOR,2,2025-11-01
4428,CACADOR,1,2025-12-01
45,CAMBORIU,3,2021-02-01
75,CAMBORIU,7,2021-03-01
120,CAMBORIU,89,2021-04-01
181,CAMBORIU,164,2021-05-01
232,CAMBORIU,52,2021-06-01
260,CAMBORIU,6,2021-07-01
277,CAMBORIU,1,2021-08-01
320,CAMBORIU,1,2021-12-01
444,CAMBORIU,8,2022-03-01
581,CAMBORIU,17,2022-04-01
749,CAMBORIU,29,2022-05-01
909,CAMBORIU,7,2022-06-01
1012,CAMBORIU,3,2022-07-01
1143,CAMBORIU,1,2022-11-01
1245,CAMBORIU,4,2023-02-01
1311,CAMBORIU,52,2023-03-01
1408,CAMBORIU,229,2023-04-01
1554,CAMBORIU,399,2023-05-01
1692,CAMBORIU,200,2023-06-01
1795,CAMBORIU,30,2023-07-01
1853,CAMBORIU,11,2023-08-01
1891,CAMBORIU,4,2023-09-01
2044,CAMBORIU,40,2024-01-01
2158,CAMBORIU,230,2024-02-01
2333,CAMBORIU,482,2024-03-01
2554,CAMBORIU,376,2024-04-01
2800,CAMBORIU,410,2024-05-01
3030,CAMBORIU,79,2024-06-01
3209,CAMBORIU,22,2024-07-01
3389,CAMBORIU,1,2024-09-01
3434,CAMBORIU,1,2024-10-01
3475,CAMBORIU,2,2024-11-01
3519,CAMBORIU,1,2024-12-01
3583,CAMBORIU,2,2025-01-01
3657,CAMBORIU,4,2025-02-01
3741,CAMBORIU,8,2025-03-01
3853,CAMBORIU,41,2025-04-01
4007,CAMBORIU,124,2025-05-01
4146,CAMBORIU,98,2025-06-01
4241,CAMBORIU,15,2025-07-01
4286,CAMBORIU,1,2025-08-01
4353,CAMBORIU,2,2025-10-01
4393,CAMBORIU,2,2025-11-01
4429,CAMBORIU,5,2025-12-01
4480,CAMBORIU,6,2026-01-01
583,CANELINHA,1,2022-04-01
752,CANELINHA,3,2022-05-01
911,CANELINHA,4,2022-06-01
1013,CANELINHA,1,2022-07-01
1313,CANELINHA,2,2023-03-01
1411,CANELINHA,6,2023-04-01
1557,CANELINHA,9,2023-05-01
1694,CANELINHA,7,2023-06-01
1796,CANELINHA,1,2023-07-01
2047,CANELINHA,1,2024-01-01
2162,CANELINHA,6,2024-02-01
2337,CANELINHA,38,2024-03-01
2558,CANELINHA,47,2024-04-01
2804,CANELINHA,33,2024-05-01
3034,CANELINHA,10,2024-06-01
3212,CANELINHA,2,2024-07-01
3742,CANELINHA,2,2025-03-01
3855,CANELINHA,15,2025-04-01
4010,CANELINHA,19,2025-05-01
4147,CANELINHA,7,2025-06-01
4242,CANELINHA,1,2025-07-01
4354,CANELINHA,1,2025-10-01
4394,CANELINHA,1,2025-11-01
4431,CANELINHA,1,2025-12-01
16,CHAPECO,3,2020-12-01
25,CHAPECO,5,2021-01-01
47,CHAPECO,6,2021-02-01
78,CHAPECO,14,2021-03-01
123,CHAPECO,18,2021-04-01
183,CHAPECO,12,2021-05-01
235,CHAPECO,2,2021-06-01
261,CHAPECO,3,2021-07-01
286,CHAPECO,1,2021-09-01
299,CHAPECO,2,2021-10-01
310,CHAPECO,1,2021-11-01
321,CHAPECO,6,2021-12-01
342,CHAPECO,4,2022-01-01
378,CHAPECO,88,2022-02-01
448,CHAPECO,1689,2022-03-01
587,CHAPECO,3115,2022-04-01
756,CHAPECO,1927,2022-05-01
915,CHAPECO,139,2022-06-01
1016,CHAPECO,17,2022-07-01
1069,CHAPECO,6,2022-08-01
1108,CHAPECO,3,2022-09-01
1144,CHAPECO,1,2022-11-01
1165,CHAPECO,1,2022-12-01
1203,CHAPECO,5,2023-01-01
1247,CHAPECO,14,2023-02-01
1314,CHAPECO,20,2023-03-01
1415,CHAPECO,72,2023-04-01
1560,CHAPECO,51,2023-05-01
1698,CHAPECO,30,2023-06-01
1797,CHAPECO,2,2023-07-01
1855,CHAPECO,1,2023-08-01
1892,CHAPECO,1,2023-09-01
1926,CHAPECO,1,2023-10-01
1957,CHAPECO,1,2023-11-01
1986,CHAPECO,1,2023-12-01
2049,CHAPECO,20,2024-01-01
2167,CHAPECO,127,2024-02-01
2345,CHAPECO,811,2024-03-01
2566,CHAPECO,3044,2024-04-01
2811,CHAPECO,3824,2024-05-01
3038,CHAPECO,792,2024-06-01
3215,CHAPECO,201,2024-07-01
3337,CHAPECO,6,2024-08-01
3392,CHAPECO,2,2024-09-01
3437,CHAPECO,4,2024-10-01
3521,CHAPECO,3,2024-12-01
3585,CHAPECO,12,2025-01-01
3661,CHAPECO,47,2025-02-01
3747,CHAPECO,293,2025-03-01
3860,CHAPECO,609,2025-04-01
4016,CHAPECO,297,2025-05-01
4150,CHAPECO,77,2025-06-01
4245,CHAPECO,5,2025-07-01
4288,CHAPECO,2,2025-08-01
4326,CHAPECO,2,2025-09-01
4355,CHAPECO,4,2025-10-01
4395,CHAPECO,2,2025-11-01
4433,CHAPECO,5,2025-12-01
1168,CORUPA,1,2022-12-01
1250,CORUPA,1,2023-02-01
1420,CORUPA,1,2023-04-01
1563,CORUPA,7,2023-05-01
1701,CORUPA,1,2023-06-01
2172,CORUPA,5,2024-02-01
2351,CORUPA,17,2024-03-01
2572,CORUPA,62,2024-04-01
2818,CORUPA,101,2024-05-01
3044,CORUPA,34,2024-06-01
3218,CORUPA,7,2024-07-01
3338,CORUPA,2,2024-08-01
3393,CORUPA,1,2024-09-01
3439,CORUPA,1,2024-10-01
3477,CORUPA,1,2024-11-01
3588,CORUPA,2,2025-01-01
3751,CORUPA,5,2025-03-01
3865,CORUPA,7,2025-04-01
4019,CORUPA,9,2025-05-01
4152,CORUPA,18,2025-06-01
4246,CORUPA,4,2025-07-01
4290,CORUPA,3,2025-08-01
4396,CORUPA,1,2025-11-01
4434,CORUPA,1,2025-12-01
49,CUNHA PORA,2,2021-02-01
126,CUNHA PORA,1,2021-04-01
186,CUNHA PORA,1,2021-05-01
325,CUNHA PORA,2,2021-12-01
381,CUNHA PORA,2,2022-02-01
453,CUNHA PORA,37,2022-03-01
592,CUNHA PORA,143,2022-04-01
762,CUNHA PORA,123,2022-05-01
919,CUNHA PORA,12,2022-06-01
1206,CUNHA PORA,1,2023-01-01
1252,CUNHA PORA,1,2023-02-01
1319,CUNHA PORA,4,2023-03-01
1422,CUNHA PORA,3,2023-04-01
1565,CUNHA PORA,4,2023-05-01
1703,CUNHA PORA,1,2023-06-01
1857,CUNHA PORA,1,2023-08-01
2055,CUNHA PORA,4,2024-01-01
2174,CUNHA PORA,4,2024-02-01
2353,CUNHA PORA,12,2024-03-01
2574,CUNHA PORA,71,2024-04-01
2820,CUNHA PORA,293,2024-05-01
3046,CUNHA PORA,84,2024-06-01
3220,CUNHA PORA,13,2024-07-01
3524,CUNHA PORA,1,2024-12-01
3666,CUNHA PORA,3,2025-02-01
3752,CUNHA PORA,16,2025-03-01
3867,CUNHA PORA,41,2025-04-01
4021,CUNHA PORA,34,2025-05-01
4154,CUNHA PORA,10,2025-06-01
4247,CUNHA PORA,2,2025-07-01
4291,CUNHA PORA,1,2025-08-01
4482,CUNHA PORA,1,2026-01-01
80,DESCANSO,2,2021-03-01
127,DESCANSO,2,2021-04-01
382,DESCANSO,3,2022-02-01
456,DESCANSO,25,2022-03-01
594,DESCANSO,35,2022-04-01
764,DESCANSO,24,2022-05-01
921,DESCANSO,2,2022-06-01
1170,DESCANSO,2,2022-12-01
1424,DESCANSO,3,2023-04-01
1567,DESCANSO,2,2023-05-01
1706,DESCANSO,2,2023-06-01
1893,DESCANSO,1,2023-09-01
2175,DESCANSO,2,2024-02-01
2356,DESCANSO,15,2024-03-01
2577,DESCANSO,39,2024-04-01
2823,DESCANSO,37,2024-05-01
3049,DESCANSO,4,2024-06-01
3223,DESCANSO,2,2024-07-01
3478,DESCANSO,2,2024-11-01
3525,DESCANSO,1,2024-12-01
3590,DESCANSO,2,2025-01-01
3667,DESCANSO,2,2025-02-01
3753,DESCANSO,2,2025-03-01
3869,DESCANSO,11,2025-04-01
4022,DESCANSO,11,2025-05-01
4155,DESCANSO,4,2025-06-01
4505,DESCANSO,1,2026-02-01
13,FLORIANOPOLIS,3,2020-07-01
27,FLORIANOPOLIS,7,2021-01-01
50,FLORIANOPOLIS,7,2021-02-01
83,FLORIANOPOLIS,20,2021-03-01
129,FLORIANOPOLIS,80,2021-04-01
187,FLORIANOPOLIS,50,2021-05-01
237,FLORIANOPOLIS,16,2021-06-01
262,FLORIANOPOLIS,3,2021-07-01
278,FLORIANOPOLIS,1,2021-08-01
288,FLORIANOPOLIS,2,2021-09-01
300,FLORIANOPOLIS,1,2021-10-01
311,FLORIANOPOLIS,2,2021-11-01
326,FLORIANOPOLIS,7,2021-12-01
345,FLORIANOPOLIS,12,2022-01-01
385,FLORIANOPOLIS,30,2022-02-01
461,FLORIANOPOLIS,349,2022-03-01
600,FLORIANOPOLIS,1343,2022-04-01
769,FLORIANOPOLIS,1643,2022-05-01
926,FLORIANOPOLIS,660,2022-06-01
1020,FLORIANOPOLIS,165,2022-07-01
1073,FLORIANOPOLIS,20,2022-08-01
1110,FLORIANOPOLIS,11,2022-09-01
1128,FLORIANOPOLIS,5,2022-10-01
1145,FLORIANOPOLIS,6,2022-11-01
1172,FLORIANOPOLIS,19,2022-12-01
1207,FLORIANOPOLIS,29,2023-01-01
1254,FLORIANOPOLIS,181,2023-02-01
1320,FLORIANOPOLIS,1919,2023-03-01
1427,FLORIANOPOLIS,6170,2023-04-01
1570,FLORIANOPOLIS,8235,2023-05-01
1709,FLORIANOPOLIS,3006,2023-06-01
1799,FLORIANOPOLIS,895,2023-07-01
1859,FLORIANOPOLIS,249,2023-08-01
1894,FLORIANOPOLIS,93,2023-09-01
1928,FLORIANOPOLIS,60,2023-10-01
1958,FLORIANOPOLIS,97,2023-11-01
1988,FLORIANOPOLIS,190,2023-12-01
2059,FLORIANOPOLIS,260,2024-01-01
2180,FLORIANOPOLIS,852,2024-02-01
2362,FLORIANOPOLIS,2037,2024-03-01
2585,FLORIANOPOLIS,3494,2024-04-01
2831,FLORIANOPOLIS,3512,2024-05-01
3054,FLORIANOPOLIS,1031,2024-06-01
3227,FLORIANOPOLIS,331,2024-07-01
3341,FLORIANOPOLIS,64,2024-08-01
3396,FLORIANOPOLIS,37,2024-09-01
3440,FLORIANOPOLIS,57,2024-10-01
3480,FLORIANOPOLIS,79,2024-11-01
3528,FLORIANOPOLIS,127,2024-12-01
3592,FLORIANOPOLIS,89,2025-01-01
3670,FLORIANOPOLIS,68,2025-02-01
3755,FLORIANOPOLIS,220,2025-03-01
3874,FLORIANOPOLIS,499,2025-04-01
4026,FLORIANOPOLIS,587,2025-05-01
4158,FLORIANOPOLIS,307,2025-06-01
4248,FLORIANOPOLIS,48,2025-07-01
4292,FLORIANOPOLIS,14,2025-08-01
4328,FLORIANOPOLIS,8,2025-09-01
4356,FLORIANOPOLIS,18,2025-10-01
4397,FLORIANOPOLIS,11,2025-11-01
4436,FLORIANOPOLIS,20,2025-12-01
4483,FLORIANOPOLIS,2,2026-01-01
4506,FLORIANOPOLIS,2,2026-02-01
84,GARUVA,1,2021-03-01
131,GARUVA,7,2021-04-01
188,GARUVA,7,2021-05-01
238,GARUVA,1,2021-06-01
265,GARUVA,1,2021-07-01
289,GARUVA,1,2021-09-01
302,GARUVA,1,2021-10-01
328,GARUVA,1,2021-12-01
386,GARUVA,3,2022-02-01
465,GARUVA,3,2022-03-01
605,GARUVA,147,2022-04-01
773,GARUVA,209,2022-05-01
929,GARUVA,103,2022-06-01
1021,GARUVA,32,2022-07-01
1074,GARUVA,7,2022-08-01
1111,GARUVA,2,2022-09-01
1146,GARUVA,1,2022-11-01
1255,GARUVA,3,2023-02-01
1322,GARUVA,34,2023-03-01
1432,GARUVA,242,2023-04-01
1574,GARUVA,417,2023-05-01
1713,GARUVA,168,2023-06-01
1801,GARUVA,69,2023-07-01
1860,GARUVA,9,2023-08-01
1896,GARUVA,2,2023-09-01
1929,GARUVA,3,2023-10-01
1989,GARUVA,4,2023-12-01
2061,GARUVA,6,2024-01-01
2185,GARUVA,30,2024-02-01
2368,GARUVA,327,2024-03-01
2592,GARUVA,925,2024-04-01
2837,GARUVA,976,2024-05-01
3058,GARUVA,430,2024-06-01
3230,GARUVA,123,2024-07-01
3342,GARUVA,16,2024-08-01
3397,GARUVA,4,2024-09-01
3441,GARUVA,1,2024-10-01
3481,GARUVA,3,2024-11-01
3529,GARUVA,2,2024-12-01
3593,GARUVA,2,2025-01-01
3878,GARUVA,2,2025-04-01
4032,GARUVA,8,2025-05-01
4161,GARUVA,3,2025-06-01
4329,GARUVA,2,2025-09-01
4398,GARUVA,2,2025-11-01
10,GOVERNADOR CELSO RAMOS,1,2020-05-01
607,GOVERNADOR CELSO RAMOS,1,2022-04-01
775,GOVERNADOR CELSO RAMOS,4,2022-05-01
1324,GOVERNADOR CELSO RAMOS,9,2023-03-01
1434,GOVERNADOR CELSO RAMOS,37,2023-04-01
1576,GOVERNADOR CELSO RAMOS,46,2023-05-01
1715,GOVERNADOR CELSO RAMOS,28,2023-06-01
1803,GOVERNADOR CELSO RAMOS,8,2023-07-01
2063,GOVERNADOR CELSO RAMOS,2,2024-01-01
2187,GOVERNADOR CELSO RAMOS,9,2024-02-01
2370,GOVERNADOR CELSO RAMOS,17,2024-03-01
2594,GOVERNADOR CELSO RAMOS,63,2024-04-01
2839,GOVERNADOR CELSO RAMOS,53,2024-05-01
3060,GOVERNADOR CELSO RAMOS,16,2024-06-01
3232,GOVERNADOR CELSO RAMOS,5,2024-07-01
3399,GOVERNADOR CELSO RAMOS,1,2024-09-01
3482,GOVERNADOR CELSO RAMOS,1,2024-11-01
3531,GOVERNADOR CELSO RAMOS,1,2024-12-01
3672,GOVERNADOR CELSO RAMOS,4,2025-02-01
3759,GOVERNADOR CELSO RAMOS,1,2025-03-01
3880,GOVERNADOR CELSO RAMOS,3,2025-04-01
4034,GOVERNADOR CELSO RAMOS,7,2025-05-01
4163,GOVERNADOR CELSO RAMOS,4,2025-06-01
4250,GOVERNADOR CELSO RAMOS,2,2025-07-01
4358,GOVERNADOR CELSO RAMOS,2,2025-10-01
4399,GOVERNADOR CELSO RAMOS,1,2025-11-01
132,GUABIRUBA,1,2021-04-01
190,GUABIRUBA,3,2021-05-01
467,GUABIRUBA,22,2022-03-01
609,GUABIRUBA,78,2022-04-01
776,GUABIRUBA,26,2022-05-01
931,GUABIRUBA,10,2022-06-01
1023,GUABIRUBA,3,2022-07-01
1112,GUABIRUBA,1,2022-09-01
1130,GUABIRUBA,1,2022-10-01
1173,GUABIRUBA,1,2022-12-01
1257,GUABIRUBA,1,2023-02-01
1436,GUABIRUBA,4,2023-04-01
1579,GUABIRUBA,1,2023-05-01
2065,GUABIRUBA,6,2024-01-01
2188,GUABIRUBA,6,2024-02-01
2372,GUABIRUBA,47,2024-03-01
2597,GUABIRUBA,69,2024-04-01
2842,GUABIRUBA,39,2024-05-01
3062,GUABIRUBA,4,2024-06-01
3233,GUABIRUBA,5,2024-07-01
3532,GUABIRUBA,1,2024-12-01
3595,GUABIRUBA,1,2025-01-01
3674,GUABIRUBA,1,2025-02-01
4251,GUABIRUBA,1,2025-07-01
4331,GUABIRUBA,1,2025-09-01
4359,GUABIRUBA,2,2025-10-01
4486,GUABIRUBA,1,2026-01-01
86,GUARAMIRIM,1,2021-03-01
191,GUARAMIRIM,5,2021-05-01
469,GUARAMIRIM,1,2022-03-01
611,GUARAMIRIM,6,2022-04-01
778,GUARAMIRIM,6,2022-05-01
933,GUARAMIRIM,3,2022-06-01
1113,GUARAMIRIM,1,2022-09-01
1209,GUARAMIRIM,2,2023-01-01
1437,GUARAMIRIM,7,2023-04-01
1580,GUARAMIRIM,20,2023-05-01
1716,GUARAMIRIM,5,2023-06-01
1805,GUARAMIRIM,4,2023-07-01
1991,GUARAMIRIM,1,2023-12-01
2066,GUARAMIRIM,19,2024-01-01
2190,GUARAMIRIM,19,2024-02-01
2374,GUARAMIRIM,58,2024-03-01
2599,GUARAMIRIM,134,2024-04-01
2844,GUARAMIRIM,233,2024-05-01
3064,GUARAMIRIM,81,2024-06-01
3235,GUARAMIRIM,21,2024-07-01
3400,GUARAMIRIM,2,2024-09-01
3442,GUARAMIRIM,3,2024-10-01
3483,GUARAMIRIM,1,2024-11-01
3533,GUARAMIRIM,1,2024-12-01
3597,GUARAMIRIM,5,2025-01-01
3761,GUARAMIRIM,5,2025-03-01
3883,GUARAMIRIM,3,2025-04-01
4036,GUARAMIRIM,15,2025-05-01
4165,GUARAMIRIM,13,2025-06-01
4252,GUARAMIRIM,3,2025-07-01
4294,GUARAMIRIM,1,2025-08-01
4488,GUARAMIRIM,1,2026-01-01
6,INDAIAL,1,2020-04-01
17,INDAIAL,1,2020-12-01
28,INDAIAL,2,2021-01-01
52,INDAIAL,2,2021-02-01
87,INDAIAL,2,2021-03-01
133,INDAIAL,1,2021-04-01
193,INDAIAL,3,2021-05-01
266,INDAIAL,1,2021-07-01
279,INDAIAL,1,2021-08-01
476,INDAIAL,1,2022-03-01
620,INDAIAL,25,2022-04-01
788,INDAIAL,36,2022-05-01
940,INDAIAL,4,2022-06-01
1025,INDAIAL,1,2022-07-01
1076,INDAIAL,1,2022-08-01
1210,INDAIAL,2,2023-01-01
1330,INDAIAL,4,2023-03-01
1446,INDAIAL,6,2023-04-01
1588,INDAIAL,8,2023-05-01
1723,INDAIAL,8,2023-06-01
1808,INDAIAL,1,2023-07-01
1862,INDAIAL,2,2023-08-01
1897,INDAIAL,1,2023-09-01
1930,INDAIAL,1,2023-10-01
2070,INDAIAL,18,2024-01-01
2200,INDAIAL,212,2024-02-01
2385,INDAIAL,1494,2024-03-01
2610,INDAIAL,4411,2024-04-01
2854,INDAIAL,3734,2024-05-01
3074,INDAIAL,1092,2024-06-01
3244,INDAIAL,334,2024-07-01
3345,INDAIAL,38,2024-08-01
3402,INDAIAL,10,2024-09-01
3444,INDAIAL,9,2024-10-01
3486,INDAIAL,13,2024-11-01
3536,INDAIAL,14,2024-12-01
3600,INDAIAL,9,2025-01-01
3680,INDAIAL,5,2025-02-01
3767,INDAIAL,4,2025-03-01
3889,INDAIAL,12,2025-04-01
4044,INDAIAL,4,2025-05-01
4172,INDAIAL,8,2025-06-01
4255,INDAIAL,2,2025-07-01
4401,INDAIAL,1,2025-11-01
4442,INDAIAL,1,2025-12-01
2,ITAJAI,1,2020-03-01
18,ITAJAI,1,2020-12-01
30,ITAJAI,6,2021-01-01
54,ITAJAI,11,2021-02-01
88,ITAJAI,38,2021-03-01
136,ITAJAI,129,2021-04-01
197,ITAJAI,139,2021-05-01
241,ITAJAI,36,2021-06-01
267,ITAJAI,6,2021-07-01
280,ITAJAI,2,2021-08-01
290,ITAJAI,1,2021-09-01
312,ITAJAI,1,2021-11-01
330,ITAJAI,2,2021-12-01
350,ITAJAI,7,2022-01-01
392,ITAJAI,1,2022-02-01
483,ITAJAI,18,2022-03-01
629,ITAJAI,79,2022-04-01
798,ITAJAI,150,2022-05-01
944,ITAJAI,71,2022-06-01
1028,ITAJAI,17,2022-07-01
1078,ITAJAI,5,2022-08-01
1114,ITAJAI,2,2022-09-01
1175,ITAJAI,2,2022-12-01
1212,ITAJAI,9,2023-01-01
1261,ITAJAI,19,2023-02-01
1333,ITAJAI,106,2023-03-01
1453,ITAJAI,575,2023-04-01
1593,ITAJAI,1766,2023-05-01
1726,ITAJAI,1356,2023-06-01
1810,ITAJAI,509,2023-07-01
1864,ITAJAI,101,2023-08-01
1898,ITAJAI,32,2023-09-01
1932,ITAJAI,7,2023-10-01
1960,ITAJAI,5,2023-11-01
1996,ITAJAI,34,2023-12-01
2075,ITAJAI,489,2024-01-01
2207,ITAJAI,4654,2024-02-01
2395,ITAJAI,12107,2024-03-01
2622,ITAJAI,14072,2024-04-01
2866,ITAJAI,5924,2024-05-01
3084,ITAJAI,1088,2024-06-01
3251,ITAJAI,379,2024-07-01
3347,ITAJAI,81,2024-08-01
3404,ITAJAI,43,2024-09-01
3445,ITAJAI,44,2024-10-01
3487,ITAJAI,60,2024-11-01
3540,ITAJAI,66,2024-12-01
3601,ITAJAI,140,2025-01-01
3684,ITAJAI,77,2025-02-01
3771,ITAJAI,269,2025-03-01
3895,ITAJAI,742,2025-04-01
4051,ITAJAI,1280,2025-05-01
4176,ITAJAI,678,2025-06-01
4257,ITAJAI,154,2025-07-01
4296,ITAJAI,28,2025-08-01
4332,ITAJAI,8,2025-09-01
4361,ITAJAI,18,2025-10-01
4402,ITAJAI,29,2025-11-01
4444,ITAJAI,16,2025-12-01
4489,ITAJAI,5,2026-01-01
19,ITAPEMA,1,2020-12-01
31,ITAPEMA,5,2021-01-01
89,ITAPEMA,4,2021-03-01
137,ITAPEMA,13,2021-04-01
198,ITAPEMA,13,2021-05-01
242,ITAPEMA,2,2021-06-01
291,ITAPEMA,1,2021-09-01
484,ITAPEMA,8,2022-03-01
630,ITAPEMA,78,2022-04-01
799,ITAPEMA,114,2022-05-01
945,ITAPEMA,26,2022-06-01
1029,ITAPEMA,6,2022-07-01
1079,ITAPEMA,2,2022-08-01
1131,ITAPEMA,1,2022-10-01
1149,ITAPEMA,2,2022-11-01
1176,ITAPEMA,4,2022-12-01
1213,ITAPEMA,3,2023-01-01
1262,ITAPEMA,24,2023-02-01
1334,ITAPEMA,251,2023-03-01
1454,ITAPEMA,655,2023-04-01
1594,ITAPEMA,521,2023-05-01
1727,ITAPEMA,212,2023-06-01
1811,ITAPEMA,33,2023-07-01
1865,ITAPEMA,6,2023-08-01
1899,ITAPEMA,1,2023-09-01
1933,ITAPEMA,1,2023-10-01
1997,ITAPEMA,1,2023-12-01
2076,ITAPEMA,8,2024-01-01
2208,ITAPEMA,92,2024-02-01
2396,ITAPEMA,434,2024-03-01
2623,ITAPEMA,530,2024-04-01
2867,ITAPEMA,363,2024-05-01
3085,ITAPEMA,71,2024-06-01
3252,ITAPEMA,18,2024-07-01
3488,ITAPEMA,1,2024-11-01
3541,ITAPEMA,11,2024-12-01
3602,ITAPEMA,14,2025-01-01
3685,ITAPEMA,56,2025-02-01
3772,ITAPEMA,311,2025-03-01
3896,ITAPEMA,640,2025-04-01
4052,ITAPEMA,455,2025-05-01
4177,ITAPEMA,139,2025-06-01
4258,ITAPEMA,11,2025-07-01
4297,ITAPEMA,3,2025-08-01
4362,ITAPEMA,2,2025-10-01
4445,ITAPEMA,1,2025-12-01
55,ITAPIRANGA,1,2021-02-01
351,ITAPIRANGA,1,2022-01-01
485,ITAPIRANGA,20,2022-03-01
631,ITAPIRANGA,47,2022-04-01
800,ITAPIRANGA,38,2022-05-01
946,ITAPIRANGA,2,2022-06-01
1030,ITAPIRANGA,2,2022-07-01
1080,ITAPIRANGA,1,2022-08-01
1150,ITAPIRANGA,1,2022-11-01
1177,ITAPIRANGA,1,2022-12-01
1263,ITAPIRANGA,3,2023-02-01
1335,ITAPIRANGA,21,2023-03-01
1455,ITAPIRANGA,65,2023-04-01
1595,ITAPIRANGA,39,2023-05-01
1728,ITAPIRANGA,5,2023-06-01
1998,ITAPIRANGA,6,2023-12-01
2077,ITAPIRANGA,66,2024-01-01
2209,ITAPIRANGA,358,2024-02-01
2397,ITAPIRANGA,664,2024-03-01
2624,ITAPIRANGA,495,2024-04-01
2868,ITAPIRANGA,210,2024-05-01
3086,ITAPIRANGA,33,2024-06-01
3253,ITAPIRANGA,7,2024-07-01
3348,ITAPIRANGA,1,2024-08-01
3405,ITAPIRANGA,7,2024-09-01
3446,ITAPIRANGA,1,2024-10-01
3542,ITAPIRANGA,1,2024-12-01
3773,ITAPIRANGA,1,2025-03-01
3897,ITAPIRANGA,4,2025-04-01
4053,ITAPIRANGA,2,2025-05-01
4178,ITAPIRANGA,1,2025-06-01
4363,ITAPIRANGA,1,2025-10-01
4446,ITAPIRANGA,1,2025-12-01
4490,ITAPIRANGA,1,2026-01-01
138,ITAPOA,2,2021-04-01
199,ITAPOA,4,2021-05-01
486,ITAPOA,1,2022-03-01
632,ITAPOA,4,2022-04-01
801,ITAPOA,10,2022-05-01
947,ITAPOA,2,2022-06-01
1214,ITAPOA,2,2023-01-01
1264,ITAPOA,1,2023-02-01
1336,ITAPOA,6,2023-03-01
1456,ITAPOA,23,2023-04-01
1596,ITAPOA,41,2023-05-01
1729,ITAPOA,18,2023-06-01
1812,ITAPOA,7,2023-07-01
1866,ITAPOA,2,2023-08-01
1900,ITAPOA,2,2023-09-01
1934,ITAPOA,2,2023-10-01
1999,ITAPOA,4,2023-12-01
2078,ITAPOA,6,2024-01-01
2210,ITAPOA,74,2024-02-01
2398,ITAPOA,369,2024-03-01
2625,ITAPOA,1192,2024-04-01
2869,ITAPOA,1075,2024-05-01
3087,ITAPOA,265,2024-06-01
3254,ITAPOA,60,2024-07-01
3349,ITAPOA,9,2024-08-01
3406,ITAPOA,8,2024-09-01
3447,ITAPOA,7,2024-10-01
3489,ITAPOA,11,2024-11-01
3543,ITAPOA,4,2024-12-01
3603,ITAPOA,1,2025-01-01
3686,ITAPOA,7,2025-02-01
3774,ITAPOA,27,2025-03-01
3898,ITAPOA,34,2025-04-01
4054,ITAPOA,36,2025-05-01
4179,ITAPOA,16,2025-06-01
4259,ITAPOA,4,2025-07-01
4298,ITAPOA,2,2025-08-01
4333,ITAPOA,2,2025-09-01
4364,ITAPOA,2,2025-10-01
4403,ITAPOA,6,2025-11-01
4447,ITAPOA,3,2025-12-01
56,JARAGUA DO SUL,3,2021-02-01
90,JARAGUA DO SUL,2,2021-03-01
139,JARAGUA DO SUL,2,2021-04-01
200,JARAGUA DO SUL,4,2021-05-01
243,JARAGUA DO SUL,1,2021-06-01
331,JARAGUA DO SUL,1,2021-12-01
393,JARAGUA DO SUL,1,2022-02-01
488,JARAGUA DO SUL,4,2022-03-01
635,JARAGUA DO SUL,19,2022-04-01
802,JARAGUA DO SUL,29,2022-05-01
948,JARAGUA DO SUL,15,2022-06-01
1031,JARAGUA DO SUL,1,2022-07-01
1081,JARAGUA DO SUL,2,2022-08-01
1115,JARAGUA DO SUL,1,2022-09-01
1178,JARAGUA DO SUL,3,2022-12-01
1265,JARAGUA DO SUL,4,2023-02-01
1338,JARAGUA DO SUL,11,2023-03-01
1457,JARAGUA DO SUL,40,2023-04-01
1597,JARAGUA DO SUL,78,2023-05-01
1730,JARAGUA DO SUL,27,2023-06-01
1814,JARAGUA DO SUL,10,2023-07-01
1867,JARAGUA DO SUL,2,2023-08-01
1901,JARAGUA DO SUL,2,2023-09-01
1935,JARAGUA DO SUL,1,2023-10-01
1961,JARAGUA DO SUL,1,2023-11-01
2000,JARAGUA DO SUL,3,2023-12-01
2080,JARAGUA DO SUL,43,2024-01-01
2212,JARAGUA DO SUL,203,2024-02-01
2401,JARAGUA DO SUL,1422,2024-03-01
2629,JARAGUA DO SUL,4999,2024-04-01
2873,JARAGUA DO SUL,7400,2024-05-01
3090,JARAGUA DO SUL,2687,2024-06-01
3255,JARAGUA DO SUL,660,2024-07-01
3350,JARAGUA DO SUL,76,2024-08-01
3407,JARAGUA DO SUL,9,2024-09-01
3449,JARAGUA DO SUL,6,2024-10-01
3491,JARAGUA DO SUL,15,2024-11-01
3545,JARAGUA DO SUL,35,2024-12-01
3604,JARAGUA DO SUL,29,2025-01-01
3687,JARAGUA DO SUL,23,2025-02-01
3777,JARAGUA DO SUL,24,2025-03-01
3901,JARAGUA DO SUL,39,2025-04-01
4057,JARAGUA DO SUL,105,2025-05-01
4182,JARAGUA DO SUL,60,2025-06-01
4260,JARAGUA DO SUL,10,2025-07-01
4299,JARAGUA DO SUL,4,2025-08-01
4334,JARAGUA DO SUL,3,2025-09-01
4366,JARAGUA DO SUL,5,2025-10-01
4404,JARAGUA DO SUL,5,2025-11-01
4448,JARAGUA DO SUL,7,2025-12-01
4491,JARAGUA DO SUL,3,2026-01-01
32,JOINVILLE,52,2021-01-01
57,JOINVILLE,189,2021-02-01
91,JOINVILLE,1363,2021-03-01
140,JOINVILLE,5331,2021-04-01
201,JOINVILLE,6208,2021-05-01
244,JOINVILLE,2823,2021-06-01
268,JOINVILLE,367,2021-07-01
281,JOINVILLE,42,2021-08-01
292,JOINVILLE,24,2021-09-01
303,JOINVILLE,6,2021-10-01
313,JOINVILLE,11,2021-11-01
332,JOINVILLE,10,2021-12-01
352,JOINVILLE,7,2022-01-01
394,JOINVILLE,64,2022-02-01
490,JOINVILLE,1219,2022-03-01
638,JOINVILLE,5597,2022-04-01
805,JOINVILLE,9040,2022-05-01
949,JOINVILLE,3995,2022-06-01
1033,JOINVILLE,1033,2022-07-01
1082,JOINVILLE,240,2022-08-01
1116,JOINVILLE,65,2022-09-01
1132,JOINVILLE,27,2022-10-01
1151,JOINVILLE,18,2022-11-01
1179,JOINVILLE,7,2022-12-01
1215,JOINVILLE,39,2023-01-01
1266,JOINVILLE,354,2023-02-01
1340,JOINVILLE,3466,2023-03-01
1460,JOINVILLE,14247,2023-04-01
1600,JOINVILLE,14326,2023-05-01
1732,JOINVILLE,7286,2023-06-01
1816,JOINVILLE,2877,2023-07-01
1868,JOINVILLE,797,2023-08-01
1902,JOINVILLE,237,2023-09-01
1936,JOINVILLE,127,2023-10-01
1962,JOINVILLE,22,2023-11-01
2001,JOINVILLE,543,2023-12-01
2081,JOINVILLE,926,2024-01-01
2214,JOINVILLE,6172,2024-02-01
2404,JOINVILLE,18822,2024-03-01
2632,JOINVILLE,24958,2024-04-01
2876,JOINVILLE,19070,2024-05-01
3093,JOINVILLE,6764,2024-06-01
3258,JOINVILLE,2451,2024-07-01
3351,JOINVILLE,713,2024-08-01
3408,JOINVILLE,246,2024-09-01
3450,JOINVILLE,39,2024-10-01
3493,JOINVILLE,22,2024-11-01
3546,JOINVILLE,37,2024-12-01
3606,JOINVILLE,31,2025-01-01
3689,JOINVILLE,56,2025-02-01
3780,JOINVILLE,175,2025-03-01
3904,JOINVILLE,268,2025-04-01
4060,JOINVILLE,263,2025-05-01
4185,JOINVILLE,132,2025-06-01
4261,JOINVILLE,35,2025-07-01
4300,JOINVILLE,10,2025-08-01
4335,JOINVILLE,9,2025-09-01
4367,JOINVILLE,5,2025-10-01
4405,JOINVILLE,18,2025-11-01
4450,JOINVILLE,22,2025-12-01
4492,JOINVILLE,6,2026-01-01
4507,JOINVILLE,1,2026-02-01
20,MARAVILHA,1,2020-12-01
58,MARAVILHA,1,2021-02-01
93,MARAVILHA,1,2021-03-01
142,MARAVILHA,1,2021-04-01
353,MARAVILHA,7,2022-01-01
396,MARAVILHA,83,2022-02-01
493,MARAVILHA,1337,2022-03-01
646,MARAVILHA,1954,2022-04-01
814,MARAVILHA,739,2022-05-01
953,MARAVILHA,21,2022-06-01
1035,MARAVILHA,4,2022-07-01
1269,MARAVILHA,4,2023-02-01
1344,MARAVILHA,3,2023-03-01
1466,MARAVILHA,1,2023-04-01
1608,MARAVILHA,2,2023-05-01
1963,MARAVILHA,1,2023-11-01
2086,MARAVILHA,12,2024-01-01
2223,MARAVILHA,55,2024-02-01
2418,MARAVILHA,196,2024-03-01
2647,MARAVILHA,331,2024-04-01
2891,MARAVILHA,333,2024-05-01
3103,MARAVILHA,64,2024-06-01
3264,MARAVILHA,11,2024-07-01
3354,MARAVILHA,1,2024-08-01
3549,MARAVILHA,1,2024-12-01
3610,MARAVILHA,3,2025-01-01
3787,MARAVILHA,10,2025-03-01
3913,MARAVILHA,11,2025-04-01
4066,MARAVILHA,19,2025-05-01
4188,MARAVILHA,12,2025-06-01
4263,MARAVILHA,1,2025-07-01
4302,MARAVILHA,1,2025-08-01
4452,MARAVILHA,2,2025-12-01
498,NOVA TRENTO,2,2022-03-01
654,NOVA TRENTO,17,2022-04-01
822,NOVA TRENTO,10,2022-05-01
959,NOVA TRENTO,2,2022-06-01
1088,NOVA TRENTO,1,2022-08-01
1219,NOVA TRENTO,2,2023-01-01
1348,NOVA TRENTO,2,2023-03-01
1473,NOVA TRENTO,9,2023-04-01
1615,NOVA TRENTO,9,2023-05-01
1743,NOVA TRENTO,1,2023-06-01
1905,NOVA TRENTO,1,2023-09-01
2005,NOVA TRENTO,1,2023-12-01
2090,NOVA TRENTO,1,2024-01-01
2230,NOVA TRENTO,15,2024-02-01
2428,NOVA TRENTO,84,2024-03-01
2660,NOVA TRENTO,182,2024-04-01
2901,NOVA TRENTO,141,2024-05-01
3112,NOVA TRENTO,16,2024-06-01
3270,NOVA TRENTO,6,2024-07-01
3790,NOVA TRENTO,3,2025-03-01
3920,NOVA TRENTO,2,2025-04-01
4072,NOVA TRENTO,1,2025-05-01
4193,NOVA TRENTO,1,2025-06-01
4454,NOVA TRENTO,1,2025-12-01
3,PALHOCA,1,2020-03-01
7,PALHOCA,2,2020-04-01
148,PALHOCA,15,2021-04-01
203,PALHOCA,18,2021-05-01
247,PALHOCA,9,2021-06-01
270,PALHOCA,1,2021-07-01
398,PALHOCA,9,2022-02-01
501,PALHOCA,14,2022-03-01
658,PALHOCA,43,2022-04-01
828,PALHOCA,96,2022-05-01
960,PALHOCA,17,2022-06-01
1038,PALHOCA,19,2022-07-01
1089,PALHOCA,1,2022-08-01
1119,PALHOCA,2,2022-09-01
1133,PALHOCA,2,2022-10-01
1184,PALHOCA,9,2022-12-01
1221,PALHOCA,151,2023-01-01
1271,PALHOCA,951,2023-02-01
1349,PALHOCA,2824,2023-03-01
1477,PALHOCA,4664,2023-04-01
1619,PALHOCA,2856,2023-05-01
1745,PALHOCA,982,2023-06-01
1821,PALHOCA,166,2023-07-01
1871,PALHOCA,23,2023-08-01
1906,PALHOCA,11,2023-09-01
1939,PALHOCA,59,2023-10-01
1964,PALHOCA,43,2023-11-01
2006,PALHOCA,36,2023-12-01
2093,PALHOCA,16,2024-01-01
2234,PALHOCA,62,2024-02-01
2433,PALHOCA,122,2024-03-01
2667,PALHOCA,175,2024-04-01
2908,PALHOCA,204,2024-05-01
3118,PALHOCA,79,2024-06-01
3274,PALHOCA,20,2024-07-01
3358,PALHOCA,6,2024-08-01
3412,PALHOCA,8,2024-09-01
3452,PALHOCA,5,2024-10-01
3495,PALHOCA,11,2024-11-01
3553,PALHOCA,20,2024-12-01
3615,PALHOCA,25,2025-01-01
3701,PALHOCA,17,2025-02-01
3794,PALHOCA,43,2025-03-01
3923,PALHOCA,138,2025-04-01
4075,PALHOCA,140,2025-05-01
4195,PALHOCA,78,2025-06-01
4265,PALHOCA,26,2025-07-01
4305,PALHOCA,12,2025-08-01
4338,PALHOCA,7,2025-09-01
4372,PALHOCA,6,2025-10-01
4406,PALHOCA,2,2025-11-01
4455,PALHOCA,7,2025-12-01
4508,PALHOCA,1,2026-02-01
205,PALMITOS,1,2021-05-01
356,PALMITOS,3,2022-01-01
400,PALMITOS,14,2022-02-01
503,PALMITOS,575,2022-03-01
660,PALMITOS,977,2022-04-01
830,PALMITOS,401,2022-05-01
961,PALMITOS,55,2022-06-01
1039,PALMITOS,12,2022-07-01
1120,PALMITOS,1,2022-09-01
1135,PALMITOS,1,2022-10-01
1185,PALMITOS,1,2022-12-01
1350,PALMITOS,4,2023-03-01
1479,PALMITOS,15,2023-04-01
1621,PALMITOS,19,2023-05-01
1746,PALMITOS,2,2023-06-01
2095,PALMITOS,2,2024-01-01
2237,PALMITOS,15,2024-02-01
2435,PALMITOS,74,2024-03-01
2669,PALMITOS,192,2024-04-01
2910,PALMITOS,259,2024-05-01
3120,PALMITOS,69,2024-06-01
3276,PALMITOS,19,2024-07-01
3703,PALMITOS,1,2025-02-01
3796,PALMITOS,2,2025-03-01
3925,PALMITOS,7,2025-04-01
4077,PALMITOS,4,2025-05-01
4196,PALMITOS,1,2025-06-01
4456,PALMITOS,1,2025-12-01
152,PINHALZINHO,2,2021-04-01
207,PINHALZINHO,4,2021-05-01
249,PINHALZINHO,2,2021-06-01
508,PINHALZINHO,32,2022-03-01
666,PINHALZINHO,54,2022-04-01
834,PINHALZINHO,21,2022-05-01
965,PINHALZINHO,4,2022-06-01
1041,PINHALZINHO,1,2022-07-01
1273,PINHALZINHO,2,2023-02-01
1354,PINHALZINHO,3,2023-03-01
1485,PINHALZINHO,16,2023-04-01
1624,PINHALZINHO,21,2023-05-01
1748,PINHALZINHO,7,2023-06-01
2008,PINHALZINHO,1,2023-12-01
2243,PINHALZINHO,6,2024-02-01
2442,PINHALZINHO,39,2024-03-01
2677,PINHALZINHO,149,2024-04-01
2920,PINHALZINHO,244,2024-05-01
3125,PINHALZINHO,66,2024-06-01
3278,PINHALZINHO,9,2024-07-01
3360,PINHALZINHO,1,2024-08-01
3705,PINHALZINHO,2,2025-02-01
3800,PINHALZINHO,10,2025-03-01
3933,PINHALZINHO,46,2025-04-01
4082,PINHALZINHO,63,2025-05-01
4198,PINHALZINHO,16,2025-06-01
4267,PINHALZINHO,2,2025-07-01
4407,PINHALZINHO,2,2025-11-01
4457,PINHALZINHO,1,2025-12-01
154,PORTO BELO,2,2021-04-01
209,PORTO BELO,1,2021-05-01
272,PORTO BELO,1,2021-07-01
402,PORTO BELO,1,2022-02-01
512,PORTO BELO,10,2022-03-01
671,PORTO BELO,120,2022-04-01
839,PORTO BELO,203,2022-05-01
968,PORTO BELO,47,2022-06-01
1042,PORTO BELO,10,2022-07-01
1091,PORTO BELO,1,2022-08-01
1121,PORTO BELO,1,2022-09-01
1274,PORTO BELO,1,2023-02-01
1356,PORTO BELO,18,2023-03-01
1488,PORTO BELO,181,2023-04-01
1628,PORTO BELO,299,2023-05-01
1750,PORTO BELO,161,2023-06-01
1824,PORTO BELO,54,2023-07-01
1873,PORTO BELO,4,2023-08-01
1967,PORTO BELO,1,2023-11-01
2009,PORTO BELO,1,2023-12-01
2101,PORTO BELO,3,2024-01-01
2248,PORTO BELO,60,2024-02-01
2447,PORTO BELO,324,2024-03-01
2682,PORTO BELO,479,2024-04-01
2926,PORTO BELO,386,2024-05-01
3131,PORTO BELO,88,2024-06-01
3282,PORTO BELO,14,2024-07-01
3454,PORTO BELO,1,2024-10-01
3557,PORTO BELO,1,2024-12-01
3706,PORTO BELO,4,2025-02-01
3802,PORTO BELO,14,2025-03-01
3938,PORTO BELO,112,2025-04-01
4086,PORTO BELO,147,2025-05-01
4201,PORTO BELO,103,2025-06-01
4269,PORTO BELO,16,2025-07-01
4306,PORTO BELO,1,2025-08-01
4374,PORTO BELO,3,2025-10-01
4408,PORTO BELO,4,2025-11-01
4458,PORTO BELO,1,2025-12-01
210,RIO DO SUL,1,2021-05-01
273,RIO DO SUL,1,2021-07-01
676,RIO DO SUL,2,2022-04-01
845,RIO DO SUL,6,2022-05-01
970,RIO DO SUL,2,2022-06-01
1044,RIO DO SUL,2,2022-07-01
1093,RIO DO SUL,1,2022-08-01
1136,RIO DO SUL,1,2022-10-01
1277,RIO DO SUL,1,2023-02-01
1358,RIO DO SUL,6,2023-03-01
1491,RIO DO SUL,8,2023-04-01
1634,RIO DO SUL,13,2023-05-01
1753,RIO DO SUL,2,2023-06-01
1825,RIO DO SUL,2,2023-07-01
1874,RIO DO SUL,1,2023-08-01
2254,RIO DO SUL,14,2024-02-01
2455,RIO DO SUL,38,2024-03-01
2693,RIO DO SUL,98,2024-04-01
2936,RIO DO SUL,146,2024-05-01
3139,RIO DO SUL,39,2024-06-01
3289,RIO DO SUL,7,2024-07-01
3622,RIO DO SUL,2,2025-01-01
3709,RIO DO SUL,1,2025-02-01
3806,RIO DO SUL,4,2025-03-01
3945,RIO DO SUL,11,2025-04-01
4094,RIO DO SUL,20,2025-05-01
4205,RIO DO SUL,3,2025-06-01
4409,RIO DO SUL,1,2025-11-01
4460,RIO DO SUL,2,2025-12-01
4496,RIO DO SUL,2,2026-01-01
685,SANTO AMARO DA IMPERATRIZ,1,2022-04-01
852,SANTO AMARO DA IMPERATRIZ,2,2022-05-01
976,SANTO AMARO DA IMPERATRIZ,2,2022-06-01
1279,SANTO AMARO DA IMPERATRIZ,1,2023-02-01
1360,SANTO AMARO DA IMPERATRIZ,37,2023-03-01
1499,SANTO AMARO DA IMPERATRIZ,125,2023-04-01
1640,SANTO AMARO DA IMPERATRIZ,91,2023-05-01
1758,SANTO AMARO DA IMPERATRIZ,42,2023-06-01
1826,SANTO AMARO DA IMPERATRIZ,3,2023-07-01
1875,SANTO AMARO DA IMPERATRIZ,3,2023-08-01
1911,SANTO AMARO DA IMPERATRIZ,1,2023-09-01
2108,SANTO AMARO DA IMPERATRIZ,1,2024-01-01
2263,SANTO AMARO DA IMPERATRIZ,2,2024-02-01
2469,SANTO AMARO DA IMPERATRIZ,11,2024-03-01
2706,SANTO AMARO DA IMPERATRIZ,9,2024-04-01
2951,SANTO AMARO DA IMPERATRIZ,21,2024-05-01
3150,SANTO AMARO DA IMPERATRIZ,2,2024-06-01
3294,SANTO AMARO DA IMPERATRIZ,1,2024-07-01
3364,SANTO AMARO DA IMPERATRIZ,1,2024-08-01
3416,SANTO AMARO DA IMPERATRIZ,1,2024-09-01
3499,SANTO AMARO DA IMPERATRIZ,1,2024-11-01
3626,SANTO AMARO DA IMPERATRIZ,1,2025-01-01
3712,SANTO AMARO DA IMPERATRIZ,2,2025-02-01
3810,SANTO AMARO DA IMPERATRIZ,1,2025-03-01
3949,SANTO AMARO DA IMPERATRIZ,7,2025-04-01
4097,SANTO AMARO DA IMPERATRIZ,2,2025-05-01
4209,SANTO AMARO DA IMPERATRIZ,3,2025-06-01
4342,SANTO AMARO DA IMPERATRIZ,1,2025-09-01
4412,SANTO AMARO DA IMPERATRIZ,1,2025-11-01
4461,SANTO AMARO DA IMPERATRIZ,2,2025-12-01
4497,SANTO AMARO DA IMPERATRIZ,2,2026-01-01
100,SAO FRANCISCO DO SUL,3,2021-03-01
158,SAO FRANCISCO DO SUL,1,2021-04-01
214,SAO FRANCISCO DO SUL,9,2021-05-01
252,SAO FRANCISCO DO SUL,1,2021-06-01
306,SAO FRANCISCO DO SUL,1,2021-10-01
526,SAO FRANCISCO DO SUL,4,2022-03-01
691,SAO FRANCISCO DO SUL,32,2022-04-01
857,SAO FRANCISCO DO SUL,99,2022-05-01
979,SAO FRANCISCO DO SUL,68,2022-06-01
1050,SAO FRANCISCO DO SUL,18,2022-07-01
1095,SAO FRANCISCO DO SUL,9,2022-08-01
1122,SAO FRANCISCO DO SUL,3,2022-09-01
1154,SAO FRANCISCO DO SUL,2,2022-11-01
1188,SAO FRANCISCO DO SUL,7,2022-12-01
1224,SAO FRANCISCO DO SUL,4,2023-01-01
1280,SAO FRANCISCO DO SUL,9,2023-02-01
1363,SAO FRANCISCO DO SUL,74,2023-03-01
1503,SAO FRANCISCO DO SUL,392,2023-04-01
1645,SAO FRANCISCO DO SUL,775,2023-05-01
1761,SAO FRANCISCO DO SUL,366,2023-06-01
1829,SAO FRANCISCO DO SUL,85,2023-07-01
1877,SAO FRANCISCO DO SUL,22,2023-08-01
1913,SAO FRANCISCO DO SUL,8,2023-09-01
1942,SAO FRANCISCO DO SUL,3,2023-10-01
1969,SAO FRANCISCO DO SUL,6,2023-11-01
2013,SAO FRANCISCO DO SUL,17,2023-12-01
2111,SAO FRANCISCO DO SUL,113,2024-01-01
2266,SAO FRANCISCO DO SUL,260,2024-02-01
2474,SAO FRANCISCO DO SUL,1216,2024-03-01
2712,SAO FRANCISCO DO SUL,1406,2024-04-01
2956,SAO FRANCISCO DO SUL,1334,2024-05-01
3156,SAO FRANCISCO DO SUL,415,2024-06-01
3298,SAO FRANCISCO DO SUL,70,2024-07-01
3367,SAO FRANCISCO DO SUL,7,2024-08-01
3417,SAO FRANCISCO DO SUL,2,2024-09-01
3456,SAO FRANCISCO DO SUL,3,2024-10-01
3630,SAO FRANCISCO DO SUL,5,2025-01-01
3713,SAO FRANCISCO DO SUL,4,2025-02-01
3812,SAO FRANCISCO DO SUL,7,2025-03-01
3951,SAO FRANCISCO DO SUL,25,2025-04-01
4100,SAO FRANCISCO DO SUL,28,2025-05-01
4210,SAO FRANCISCO DO SUL,14,2025-06-01
4271,SAO FRANCISCO DO SUL,6,2025-07-01
4308,SAO FRANCISCO DO SUL,1,2025-08-01
4376,SAO FRANCISCO DO SUL,1,2025-10-01
4413,SAO FRANCISCO DO SUL,1,2025-11-01
4464,SAO FRANCISCO DO SUL,3,2025-12-01
4498,SAO FRANCISCO DO SUL,1,2026-01-01
64,SAO JOSE,1,2021-02-01
101,SAO JOSE,1,2021-03-01
159,SAO JOSE,33,2021-04-01
216,SAO JOSE,55,2021-05-01
253,SAO JOSE,10,2021-06-01
275,SAO JOSE,2,2021-07-01
294,SAO JOSE,1,2021-09-01
307,SAO JOSE,1,2021-10-01
360,SAO JOSE,1,2022-01-01
409,SAO JOSE,1,2022-02-01
528,SAO JOSE,14,2022-03-01
694,SAO JOSE,34,2022-04-01
862,SAO JOSE,48,2022-05-01
982,SAO JOSE,18,2022-06-01
1053,SAO JOSE,6,2022-07-01
1098,SAO JOSE,1,2022-08-01
1137,SAO JOSE,2,2022-10-01
1189,SAO JOSE,4,2022-12-01
1225,SAO JOSE,9,2023-01-01
1283,SAO JOSE,131,2023-02-01
1366,SAO JOSE,1432,2023-03-01
1507,SAO JOSE,3488,2023-04-01
1649,SAO JOSE,3187,2023-05-01
1767,SAO JOSE,994,2023-06-01
1832,SAO JOSE,185,2023-07-01
1880,SAO JOSE,45,2023-08-01
1914,SAO JOSE,19,2023-09-01
1944,SAO JOSE,7,2023-10-01
1971,SAO JOSE,6,2023-11-01
2017,SAO JOSE,15,2023-12-01
2115,SAO JOSE,64,2024-01-01
2271,SAO JOSE,196,2024-02-01
2479,SAO JOSE,413,2024-03-01
2718,SAO JOSE,578,2024-04-01
2960,SAO JOSE,529,2024-05-01
3160,SAO JOSE,213,2024-06-01
3302,SAO JOSE,76,2024-07-01
3369,SAO JOSE,31,2024-08-01
3419,SAO JOSE,24,2024-09-01
3457,SAO JOSE,20,2024-10-01
3500,SAO JOSE,21,2024-11-01
3563,SAO JOSE,50,2024-12-01
3633,SAO JOSE,55,2025-01-01
3715,SAO JOSE,63,2025-02-01
3815,SAO JOSE,97,2025-03-01
3955,SAO JOSE,159,2025-04-01
4103,SAO JOSE,182,2025-05-01
4212,SAO JOSE,132,2025-06-01
4273,SAO JOSE,53,2025-07-01
4310,SAO JOSE,41,2025-08-01
4343,SAO JOSE,15,2025-09-01
4377,SAO JOSE,26,2025-10-01
4414,SAO JOSE,25,2025-11-01
4465,SAO JOSE,25,2025-12-01
4499,SAO JOSE,9,2026-01-01
4509,SAO JOSE,5,2026-02-01
102,SAO JOSE DO CEDRO,3,2021-03-01
217,SAO JOSE DO CEDRO,1,2021-05-01
254,SAO JOSE DO CEDRO,1,2021-06-01
410,SAO JOSE DO CEDRO,52,2022-02-01
529,SAO JOSE DO CEDRO,532,2022-03-01
695,SAO JOSE DO CEDRO,556,2022-04-01
863,SAO JOSE DO CEDRO,197,2022-05-01
983,SAO JOSE DO CEDRO,2,2022-06-01
1054,SAO JOSE DO CEDRO,3,2022-07-01
1099,SAO JOSE DO CEDRO,2,2022-08-01
1284,SAO JOSE DO CEDRO,3,2023-02-01
1367,SAO JOSE DO CEDRO,1,2023-03-01
1650,SAO JOSE DO CEDRO,2,2023-05-01
1833,SAO JOSE DO CEDRO,1,2023-07-01
2272,SAO JOSE DO CEDRO,15,2024-02-01
2480,SAO JOSE DO CEDRO,27,2024-03-01
2719,SAO JOSE DO CEDRO,112,2024-04-01
2961,SAO JOSE DO CEDRO,132,2024-05-01
3161,SAO JOSE DO CEDRO,14,2024-06-01
3303,SAO JOSE DO CEDRO,2,2024-07-01
3564,SAO JOSE DO CEDRO,1,2024-12-01
3716,SAO JOSE DO CEDRO,1,2025-02-01
3816,SAO JOSE DO CEDRO,15,2025-03-01
3956,SAO JOSE DO CEDRO,53,2025-04-01
4104,SAO JOSE DO CEDRO,38,2025-05-01
4213,SAO JOSE DO CEDRO,5,2025-06-01
4274,SAO JOSE DO CEDRO,2,2025-07-01
4466,SAO JOSE DO CEDRO,1,2025-12-01
4500,SAO JOSE DO CEDRO,1,2026-01-01
34,SAO MIGUEL DO OESTE,1,2021-01-01
66,SAO MIGUEL DO OESTE,1,2021-02-01
104,SAO MIGUEL DO OESTE,3,2021-03-01
219,SAO MIGUEL DO OESTE,5,2021-05-01
361,SAO MIGUEL DO OESTE,2,2022-01-01
412,SAO MIGUEL DO OESTE,10,2022-02-01
532,SAO MIGUEL DO OESTE,229,2022-03-01
698,SAO MIGUEL DO OESTE,392,2022-04-01
866,SAO MIGUEL DO OESTE,410,2022-05-01
986,SAO MIGUEL DO OESTE,54,2022-06-01
1055,SAO MIGUEL DO OESTE,2,2022-07-01
1100,SAO MIGUEL DO OESTE,1,2022-08-01
1190,SAO MIGUEL DO OESTE,1,2022-12-01
1285,SAO MIGUEL DO OESTE,2,2023-02-01
1368,SAO MIGUEL DO OESTE,2,2023-03-01
1511,SAO MIGUEL DO OESTE,5,2023-04-01
1653,SAO MIGUEL DO OESTE,2,2023-05-01
1770,SAO MIGUEL DO OESTE,1,2023-06-01
1835,SAO MIGUEL DO OESTE,1,2023-07-01
2018,SAO MIGUEL DO OESTE,1,2023-12-01
2117,SAO MIGUEL DO OESTE,7,2024-01-01
2275,SAO MIGUEL DO OESTE,20,2024-02-01
2485,SAO MIGUEL DO OESTE,152,2024-03-01
2725,SAO MIGUEL DO OESTE,636,2024-04-01
2966,SAO MIGUEL DO OESTE,828,2024-05-01
3164,SAO MIGUEL DO OESTE,149,2024-06-01
3305,SAO MIGUEL DO OESTE,37,2024-07-01
3371,SAO MIGUEL DO OESTE,2,2024-08-01
3565,SAO MIGUEL DO OESTE,5,2024-12-01
3637,SAO MIGUEL DO OESTE,3,2025-01-01
3718,SAO MIGUEL DO OESTE,37,2025-02-01
3819,SAO MIGUEL DO OESTE,184,2025-03-01
3960,SAO MIGUEL DO OESTE,267,2025-04-01
4107,SAO MIGUEL DO OESTE,93,2025-05-01
4216,SAO MIGUEL DO OESTE,22,2025-06-01
4379,SAO MIGUEL DO OESTE,1,2025-10-01
4415,SAO MIGUEL DO OESTE,1,2025-11-01
4467,SAO MIGUEL DO OESTE,4,2025-12-01
413,SAUDADES,3,2022-02-01
533,SAUDADES,9,2022-03-01
699,SAUDADES,91,2022-04-01
867,SAUDADES,126,2022-05-01
988,SAUDADES,12,2022-06-01
1056,SAUDADES,1,2022-07-01
1101,SAUDADES,1,2022-08-01
1226,SAUDADES,1,2023-01-01
1286,SAUDADES,1,2023-02-01
1370,SAUDADES,49,2023-03-01
1513,SAUDADES,171,2023-04-01
1655,SAUDADES,195,2023-05-01
1771,SAUDADES,42,2023-06-01
1836,SAUDADES,6,2023-07-01
1881,SAUDADES,1,2023-08-01
1915,SAUDADES,1,2023-09-01
2118,SAUDADES,5,2024-01-01
2276,SAUDADES,25,2024-02-01
2486,SAUDADES,94,2024-03-01
2727,SAUDADES,96,2024-04-01
2968,SAUDADES,75,2024-05-01
3165,SAUDADES,24,2024-06-01
3307,SAUDADES,4,2024-07-01
3961,SAUDADES,7,2025-04-01
4108,SAUDADES,5,2025-05-01
4217,SAUDADES,1,2025-06-01
4344,SAUDADES,1,2025-09-01
4468,SAUDADES,3,2025-12-01
67,SEARA,3,2021-02-01
105,SEARA,3,2021-03-01
162,SEARA,3,2021-04-01
221,SEARA,1,2021-05-01
295,SEARA,1,2021-09-01
362,SEARA,3,2022-01-01
414,SEARA,93,2022-02-01
534,SEARA,641,2022-03-01
701,SEARA,677,2022-04-01
869,SEARA,279,2022-05-01
990,SEARA,15,2022-06-01
1057,SEARA,3,2022-07-01
1123,SEARA,1,2022-09-01
1138,SEARA,1,2022-10-01
1191,SEARA,1,2022-12-01
1227,SEARA,2,2023-01-01
1371,SEARA,3,2023-03-01
1515,SEARA,2,2023-04-01
1657,SEARA,6,2023-05-01
1916,SEARA,1,2023-09-01
1945,SEARA,1,2023-10-01
2020,SEARA,3,2023-12-01
2120,SEARA,1,2024-01-01
2278,SEARA,4,2024-02-01
2488,SEARA,7,2024-03-01
2729,SEARA,11,2024-04-01
2970,SEARA,26,2024-05-01
3167,SEARA,9,2024-06-01
3309,SEARA,1,2024-07-01
3502,SEARA,1,2024-11-01
3639,SEARA,1,2025-01-01
3720,SEARA,1,2025-02-01
3963,SEARA,1,2025-04-01
4110,SEARA,2,2025-05-01
4219,SEARA,1,2025-06-01
4469,SEARA,2,2025-12-01
68,TIJUCAS,1,2021-02-01
106,TIJUCAS,3,2021-03-01
538,TIJUCAS,3,2022-03-01
707,TIJUCAS,20,2022-04-01
874,TIJUCAS,57,2022-05-01
993,TIJUCAS,16,2022-06-01
1058,TIJUCAS,4,2022-07-01
1192,TIJUCAS,1,2022-12-01
1287,TIJUCAS,1,2023-02-01
1373,TIJUCAS,6,2023-03-01
1519,TIJUCAS,53,2023-04-01
1662,TIJUCAS,206,2023-05-01
1774,TIJUCAS,169,2023-06-01
1838,TIJUCAS,92,2023-07-01
1882,TIJUCAS,18,2023-08-01
1917,TIJUCAS,2,2023-09-01
1946,TIJUCAS,1,2023-10-01
1972,TIJUCAS,1,2023-11-01
2021,TIJUCAS,11,2023-12-01
2122,TIJUCAS,127,2024-01-01
2284,TIJUCAS,548,2024-02-01
2493,TIJUCAS,1211,2024-03-01
2737,TIJUCAS,1292,2024-04-01
2977,TIJUCAS,696,2024-05-01
3172,TIJUCAS,78,2024-06-01
3313,TIJUCAS,13,2024-07-01
3421,TIJUCAS,2,2024-09-01
3459,TIJUCAS,1,2024-10-01
3503,TIJUCAS,1,2024-11-01
3568,TIJUCAS,14,2024-12-01
3641,TIJUCAS,7,2025-01-01
3721,TIJUCAS,7,2025-02-01
3822,TIJUCAS,12,2025-03-01
3965,TIJUCAS,49,2025-04-01
4114,TIJUCAS,80,2025-05-01
4222,TIJUCAS,60,2025-06-01
4275,TIJUCAS,18,2025-07-01
4311,TIJUCAS,3,2025-08-01
4346,TIJUCAS,1,2025-09-01
4381,TIJUCAS,1,2025-10-01
4417,TIJUCAS,2,2025-11-01
4470,TIJUCAS,3,2025-12-01
4510,TIJUCAS,1,2026-02-01
163,TUBARAO,2,2021-04-01
334,TUBARAO,1,2021-12-01
416,TUBARAO,1,2022-02-01
542,TUBARAO,2,2022-03-01
709,TUBARAO,5,2022-04-01
877,TUBARAO,4,2022-05-01
1228,TUBARAO,2,2023-01-01
1374,TUBARAO,3,2023-03-01
1523,TUBARAO,8,2023-04-01
1664,TUBARAO,5,2023-05-01
1776,TUBARAO,2,2023-06-01
1841,TUBARAO,1,2023-07-01
1918,TUBARAO,1,2023-09-01
1974,TUBARAO,1,2023-11-01
2124,TUBARAO,1,2024-01-01
2289,TUBARAO,5,2024-02-01
2499,TUBARAO,14,2024-03-01
2742,TUBARAO,35,2024-04-01
2984,TUBARAO,76,2024-05-01
3176,TUBARAO,11,2024-06-01
3316,TUBARAO,2,2024-07-01
3461,TUBARAO,1,2024-10-01
3723,TUBARAO,1,2025-02-01
3968,TUBARAO,7,2025-04-01
4117,TUBARAO,1,2025-05-01
4225,TUBARAO,3,2025-06-01
4277,TUBARAO,1,2025-07-01
4471,TUBARAO,2,2025-12-01
4501,TUBARAO,1,2026-01-01
165,VIDEIRA,1,2021-04-01
335,VIDEIRA,1,2021-12-01
546,VIDEIRA,4,2022-03-01
716,VIDEIRA,3,2022-04-01
1378,VIDEIRA,3,2023-03-01
1669,VIDEIRA,1,2023-05-01
1779,VIDEIRA,1,2023-06-01
2022,VIDEIRA,2,2023-12-01
2126,VIDEIRA,1,2024-01-01
2291,VIDEIRA,3,2024-02-01
2505,VIDEIRA,14,2024-03-01
2750,VIDEIRA,40,2024-04-01
2993,VIDEIRA,52,2024-05-01
3180,VIDEIRA,18,2024-06-01
3319,VIDEIRA,1,2024-07-01
3375,VIDEIRA,1,2024-08-01
3571,VIDEIRA,1,2024-12-01
3643,VIDEIRA,2,2025-01-01
3724,VIDEIRA,7,2025-02-01
3826,VIDEIRA,59,2025-03-01
3974,VIDEIRA,178,2025-04-01
4120,VIDEIRA,76,2025-05-01
4226,VIDEIRA,15,2025-06-01
4347,VIDEIRA,1,2025-09-01
4472,VIDEIRA,1,2025-12-01
166,XANXERE,3,2021-04-01
223,XANXERE,2,2021-05-01
364,XANXERE,1,2022-01-01
418,XANXERE,26,2022-02-01
547,XANXERE,642,2022-03-01
717,XANXERE,715,2022-04-01
884,XANXERE,300,2022-05-01
996,XANXERE,17,2022-06-01
1059,XANXERE,2,2022-07-01
1229,XANXERE,1,2023-01-01
1289,XANXERE,2,2023-02-01
1379,XANXERE,5,2023-03-01
1527,XANXERE,8,2023-04-01
1670,XANXERE,8,2023-05-01
1780,XANXERE,2,2023-06-01
1947,XANXERE,3,2023-10-01
2023,XANXERE,2,2023-12-01
2127,XANXERE,4,2024-01-01
2292,XANXERE,9,2024-02-01
2506,XANXERE,55,2024-03-01
2751,XANXERE,361,2024-04-01
2994,XANXERE,494,2024-05-01
3181,XANXERE,106,2024-06-01
3320,XANXERE,44,2024-07-01
3376,XANXERE,3,2024-08-01
3725,XANXERE,3,2025-02-01
3827,XANXERE,17,2025-03-01
3976,XANXERE,21,2025-04-01
4121,XANXERE,11,2025-05-01
4227,XANXERE,3,2025-06-01
4502,XANXERE,1,2026-01-01
107,XAXIM,1,2021-03-01
167,XAXIM,3,2021-04-01
224,XAXIM,3,2021-05-01
419,XAXIM,2,2022-02-01
549,XAXIM,34,2022-03-01
719,XAXIM,69,2022-04-01
886,XAXIM,22,2022-05-01
998,XAXIM,2,2022-06-01
1529,XAXIM,4,2023-04-01
1672,XAXIM,4,2023-05-01
1782,XAXIM,2,2023-06-01
1948,XAXIM,1,2023-10-01
2293,XAXIM,9,2024-02-01
2507,XAXIM,242,2024-03-01
2753,XAXIM,1017,2024-04-01
2996,XAXIM,922,2024-05-01
3182,XAXIM,125,2024-06-01
3321,XAXIM,16,2024-07-01
3377,XAXIM,3,2024-08-01
3572,XAXIM,1,2024-12-01
3828,XAXIM,1,2025-03-01
3977,XAXIM,8,2025-04-01
4122,XAXIM,6,2025-05-01
4228,XAXIM,1,2025-06-01
4418,XAXIM,1,2025-11-01
4474,XAXIM,1,2025-12-01
